runner,runner_id,runs,run_threat,run_value_added,in_behind,sep_gained,mean_run_distance,mean_run_fwd,final_third_runs,delta_v,delta_v_360,shots_5s,xg_added,retain_rate,loss_rate,value_lost,counter_runs,enc_receipt,enc_escaped,block_faced,second_def,crowded_runs,surrounded_runs,team,run_value_att,att_runs,position,pos_group,minutes,matches,RunThreat90,RunValue90,RunValueAll90,AttRuns90,InBehind90,Runs90,FinalThirdRuns90,SepGained,SepVsAvg,ThreatPerRun,Encirclement,EncEscaped,BlockFaced,SecondDef,CrowdedRuns90,SurroundedRuns90,PctSurrounded,DeltaV90,DeltaV360_90,Shot5s90,xGAdded90,ValueLost90,CounterRuns90,RetainRate,LossRate,NetValue90,RunThreat90_pct,RunValue90_pct,InBehind90_pct,Runs90_pct,FinalThirdRuns90_pct,SepGained_pct,SepVsAvg_pct,ThreatPerRun_pct,DeltaV90_pct,DeltaV360_90_pct,Shot5s90_pct,xGAdded90_pct,ValueLost90_pct,CounterRuns90_pct,RetainRate_pct,NetValue90_pct,RunValueAll90_pct,AttRuns90_pct,Encirclement_pct,EncEscaped_pct,BlockFaced_pct,SecondDef_pct,CrowdedRuns90_pct,SurroundedRuns90_pct,PctSurrounded_pct
Kylian Mbappé Lottin,3009.0,1180,1.7737843939504296,20.442583132791544,103,-1.6864602424446562,5.301847384786285,1.4153777836413508,693,6.318021229844536,-5.686860121835847,113.0,17.4258457145,0.7788135593220339,0.13474576271186442,11.662353378639658,21,0.4041947600356479,-0.019379897297552257,14.267780726240824,8.387600639031845,524,496,Paris Saint-Germain,31.174476465979893,696.0,Center Forward,FWD,4556,52,0.03503963903765116,0.6158259178968811,0.40382626908499536,13.748902546093065,2.0346795434591747,23.3099209833187,13.689640035118526,-1.6864602424446562,0.6799642880858605,0.0015032071135173133,0.4041947600356479,-0.019379897297552257,14.267780726240824,8.387600639031845,10.35118525021949,9.798068481123792,0.42033898305084744,0.12480726749034421,-0.11233920346032183,2.2322212467076383,0.34423312429872693,0.23038011503019515,0.41483757682177347,0.7788135593220339,0.13474576271186442,-0.10557284753985094,80.0,100.0,100.0,32.0,86.0,73.0,73.0,83.0,85.0,8.0,98.0,100.0,76.0,100.0,12.0,54.0,85.0,86.0,85.0,75.0,22.0,12.0,80.0,75.0,88.0
Victor Okoh Boniface,32289.0,236,1.2500057937496485,9.663274949882716,22,-1.8638378194338001,5.458854789480537,1.9037611231260296,134,2.6491509879166837,-3.0768453951370724,25.0,5.119908894,0.7203389830508474,0.2245762711864407,3.9492902252371813,7,0.5183809719632685,-0.05674302914624796,14.156660917604412,7.258586431211622,130,156,Bayer Leverkusen,10.506497957234023,134.0,Center Forward,FWD,1604,23,0.07013748219293539,0.5895167182986671,0.5422037066642421,7.5187032418952615,1.2344139650872816,13.241895261845386,7.5187032418952615,-1.8638378194338001,0.5025867110967166,0.0052966347192781715,0.5183809719632685,-0.05674302914624796,14.156660917604412,7.258586431211622,7.29426433915212,8.753117206982543,0.6610169491525424,0.14864313523223288,-0.17264095109871352,1.4027431421446384,0.2872766835785536,0.2215935911916124,0.3927680798004987,0.7203389830508474,0.2245762711864407,-0.07295045595937952,100.0,98.0,88.0,15.0,56.0,58.0,58.0,98.0,90.0,3.0,85.0,95.0,71.0,98.0,3.0,71.0,93.0,56.0,98.0,3.0,20.0,5.0,64.0,69.0,98.0
Florian Wirtz,40724.0,811,0.955162423224905,15.014163647059751,38,-1.7157569216263,4.610518354197189,0.5090900893159397,355,1.8127515207821225,-2.5913284332453346,50.0,5.6392900575,0.7916152897657214,0.11713933415536375,7.584955208002264,8,0.4369194960299923,-0.019060022021712558,14.120929940706594,8.166077143347069,401,391,Bayer Leverkusen,15.380737716701255,358.0,Left Attacking Midfield,MID,2457,32,0.03498763455036282,0.563396985959753,0.5499693643611631,13.113553113553113,1.3919413919413919,29.706959706959708,13.003663003663004,-1.7157569216263,0.6506676089042167,0.0011777588449135696,0.4369194960299923,-0.019060022021712558,14.120929940706594,8.166077143347069,14.68864468864469,14.322344322344323,0.48212083847102344,0.06640115460740376,-0.09492045543023205,1.8315018315018314,0.2065674013736264,0.27783718710631006,0.29304029304029305,0.7916152897657214,0.11713933415536375,-0.2114360324989063,76.0,97.0,92.0,58.0,80.0,68.0,68.0,73.0,61.0,10.0,93.0,86.0,93.0,92.0,15.0,17.0,95.0,80.0,93.0,76.0,17.0,10.0,97.0,93.0,93.0
Francisco António Machado Mota de Castro Trincão,22390.0,219,0.27341890055473206,4.794024215031359,14,-2.1590738211116682,5.70932116055917,0.782053830196494,128,2.153809744001893,2.0016988598941183,11.0,1.209343272,0.8447488584474886,0.0867579908675799,1.5590063507689238,0,0.299955860473719,-0.03561765655560945,14.317537438975624,10.071140681674672,60,51,Barcelona,4.507309057128206,129.0,Right Wing,MID,735,25,0.033479865374048824,0.5519153947503925,0.587023373269146,15.795918367346939,1.7142857142857144,26.816326530612248,15.673469387755102,-2.1590738211116682,0.20735070941884848,0.0012484881303869045,0.299955860473719,-0.03561765655560945,14.317537438975624,10.071140681674672,7.346938775510203,6.244897959183674,0.2328767123287671,0.2637318053879869,0.24510598284417776,1.346938775510204,0.14808284963265306,0.1908987368288478,0.0,0.8447488584474886,0.0867579908675799,0.0728330685591391,75.0,95.0,97.0,44.0,95.0,46.0,46.0,76.0,100.0,97.0,81.0,71.0,68.0,19.0,44.0,100.0,98.0,95.0,58.0,17.0,24.0,36.0,68.0,56.0,56.0
Martin Braithwaite Christensen,4447.0,144,0.5460201998395461,5.012386655716396,13,-1.3998252443154116,5.717551808249507,1.7771183703445161,94,-0.031506719000207226,-2.8573082877717244,14.0,3.132686153,0.8194444444444444,0.1388888888888889,1.475911161652876,1,0.45889993024479137,-0.03276846744158671,14.029152709645132,7.582071274088952,76,75,Barcelona,6.1055996265261046,95.0,Center Forward,FWD,1058,26,0.04644784308653983,0.5193799304228255,0.4263844981233229,8.081285444234405,1.10586011342155,12.24952741020794,7.9962192816635165,-1.3998252443154116,0.9665992862151052,0.0037918069433301813,0.45889993024479137,-0.03276846744158671,14.029152709645132,7.582071274088952,6.465028355387524,6.379962192816635,0.5208333333333334,-0.0026801556805469283,-0.2430602513227365,1.1909262759924386,0.26648558957466917,0.1255500988173524,0.08506616257088848,0.8194444444444444,0.1388888888888889,-0.12823025449789935,90.0,93.0,85.0,12.0,61.0,98.0,98.0,92.0,34.0,2.0,76.0,90.0,42.0,53.0,29.0,39.0,88.0,63.0,95.0,27.0,10.0,7.0,56.0,58.0,95.0
Jonas Hofmann,8804.0,637,0.2532385379995822,17.294459903478167,19,-1.901503166314123,4.4641925711628225,0.37232762946136644,271,2.8624676944370346,-0.8238510470731029,32.0,3.3712170044,0.8288854003139717,0.08320251177394035,4.238386341888484,6,0.4049148374442294,-0.021463943806183373,14.3411809236484,8.734797389456665,264,255,Bayer Leverkusen,12.55557144053813,272.0,Right Attacking Midfield,MID,2266,32,0.010058017837582698,0.49867671211316494,0.6868938178786562,10.803177405119152,0.7546337157987643,25.300088261253308,10.763459841129743,-1.901503166314123,0.46492136421639363,0.0003975487252740694,0.4049148374442294,-0.021463943806183373,14.3411809236484,8.734797389456665,10.485436893203884,10.127978817299205,0.4003139717425432,0.11369024382141797,-0.03272135667986728,1.2709620476610768,0.13389652709443955,0.16833838074579152,0.23830538393645193,0.8288854003139717,0.08320251177394035,-0.05464813692437355,59.0,92.0,64.0,39.0,78.0,56.0,56.0,63.0,78.0,15.0,78.0,69.0,61.0,85.0,36.0,81.0,100.0,78.0,86.0,66.0,27.0,19.0,81.0,80.0,85.0
Neymar da Silva Santos Junior,4320.0,1053,0.44706794582465903,7.122525602777796,49,-1.6017294981168322,4.581372061486229,0.11379673123159115,427,0.944229893469331,-0.3035082853357837,47.0,8.9043285,0.7663817663817664,0.14245014245014245,11.44715074176802,11,0.4017425037227958,-0.032439910938298976,14.675895361736828,8.389358403566218,457,414,Paris Saint-Germain,14.887505235677716,430.0,Left Wing,MID,2854,34,0.014098148256558975,0.4694728350423947,0.2246066237736516,13.55991590749825,1.5451997196916607,33.20602662929222,13.465311843027331,-1.6017294981168322,0.7646950324136845,0.0004245659504507683,0.4017425037227958,-0.032439910938298976,14.675895361736828,8.389358403566218,14.41135248773651,13.055360896986684,0.39316239316239315,0.029775995239046876,-0.009571039131121421,1.4821303433777155,0.2807952224947442,0.3609823289275129,0.34688156972669937,0.7663817663817664,0.14245014245014245,-0.331206333688466,64.0,90.0,93.0,71.0,83.0,81.0,81.0,64.0,53.0,22.0,86.0,93.0,98.0,95.0,10.0,3.0,78.0,83.0,83.0,31.0,44.0,14.0,95.0,88.0,83.0
Patrik Schick,7044.0,122,0.730416023130955,2.961861946207593,10,-1.5114847442876227,5.276280461699588,1.057878832840097,77,-2.092130852001284,-1.531280562683033,20.0,3.737011098,0.7459016393442623,0.1557377049180328,1.511776834096797,2,0.5858624642132965,-0.08421479878196671,13.738966753319328,5.873412801480869,85,94,Bayer Leverkusen,5.721338163198766,77.0,Center Forward,FWD,1121,20,0.0586417859783996,0.45934026287947277,0.23779444706394592,6.181980374665477,0.8028545941123997,9.794826048171275,6.181980374665477,-1.5114847442876227,0.854939786242894,0.0059870165830406144,0.5858624642132965,-0.08421479878196671,13.738966753319328,5.873412801480869,6.824264049955397,7.546833184656556,0.7704918032786885,-0.16796768660135197,-0.12293956346250934,1.6057091882247994,0.3000276528278323,0.12137369765273125,0.16057091882247992,0.7459016393442623,0.1557377049180328,-0.28934138425408323,97.0,88.0,69.0,8.0,44.0,95.0,95.0,100.0,2.0,7.0,92.0,97.0,34.0,75.0,5.0,7.0,80.0,42.0,100.0,2.0,3.0,2.0,59.0,63.0,100.0
Hugo Ekitike,50429.0,142,0.5530234405872729,3.7795527081859457,9,-1.53218208145064,4.980942426486166,1.0901075761885568,79,1.8745598554264435,-1.6837627418819747,17.0,1.95036658,0.6338028169014085,0.2535211267605634,2.7030764774541347,3,0.5158857942118564,-0.023603447950864165,14.73561911161345,7.030003566733103,90,87,Paris Saint-Germain,5.164819840794699,79.0,Center Forward,FWD,1024,23,0.04860557583286579,0.4539392438198466,0.33218724974290537,6.943359375,0.791015625,12.48046875,6.943359375,-1.53218208145064,0.8342424490798768,0.0038945312717413587,0.5158857942118564,-0.023603447950864165,14.73561911161345,7.030003566733103,7.91015625,7.646484375,0.6126760563380281,0.16475623729333977,-0.14798695973572043,1.494140625,0.1714189376953125,0.2375750810262423,0.263671875,0.6338028169014085,0.2535211267605634,-0.07281884373290254,92.0,86.0,68.0,14.0,53.0,93.0,93.0,95.0,95.0,5.0,88.0,76.0,85.0,86.0,2.0,73.0,83.0,53.0,97.0,61.0,51.0,3.0,71.0,64.0,97.0
Nathan Tella,41411.0,113,0.5224606971255878,4.693985801822108,11,-3.3293803966897366,6.253252594801071,1.9004310500166293,65,-0.20504293789013378,-0.061809464969831224,7.0,1.748613277,0.8495575221238938,0.11504424778761062,1.0272266324055739,0,0.19109211545032334,-0.029351539509342123,13.988748586210745,12.472173812245703,18,12,Bayer Leverkusen,3.4694762961489705,65.0,Right Wing Back,DEF,910,24,0.051671937078354845,0.3431350183004476,0.4642403540263623,6.428571428571428,1.087912087912088,11.175824175824175,6.428571428571428,-3.3293803966897366,-0.9629558661592199,0.004623545992261839,0.19109211545032334,-0.029351539509342123,13.988748586210745,12.472173812245703,1.7802197802197801,1.1868131868131868,0.10619469026548672,-0.020278971879244,-0.0061130240080052856,0.6923076923076923,0.17293977464835164,0.10159384276538642,0.0,0.8495575221238938,0.11504424778761062,-0.12187281464463043,95.0,85.0,81.0,10.0,49.0,19.0,19.0,97.0,20.0,24.0,59.0,78.0,24.0,19.0,47.0,42.0,92.0,49.0,44.0,39.0,7.0,58.0,34.0,36.0,44.0
Ousmane Dembélé,5477.0,561,0.7943965112699071,8.094856483751865,33,-2.1353183094833086,5.680023668519998,1.088834417266403,347,4.233732850339878,0.9761575462914136,25.0,2.79644544,0.8270944741532977,0.09269162210338681,3.9022811550256575,1,0.2795434305573858,-0.023904410532989633,14.520085832480023,10.493219570218967,152,125,Barcelona,5.685359125150818,347.0,Right Wing,MID,1623,27,0.04405156254731463,0.31526945241132076,0.4488829843115637,19.24214417744917,1.8299445471349354,31.1090573012939,19.24214417744917,-2.1353183094833086,0.23110622104720813,0.0014160365619784439,0.2795434305573858,-0.023904410532989633,14.520085832480023,10.493219570218967,8.428835489833642,6.9316081330868755,0.22281639928698752,0.2347726164698639,0.05413073269638153,1.3863216266173752,0.15507091164510164,0.21639267033413997,0.05545286506469501,0.8270944741532977,0.09269162210338681,0.018379946135723912,86.0,83.0,98.0,66.0,100.0,49.0,49.0,81.0,98.0,66.0,83.0,75.0,69.0,44.0,32.0,95.0,90.0,100.0,49.0,58.0,41.0,44.0,73.0,61.0,54.0
Amine Adli,33401.0,176,0.3624036556362938,6.237053430098234,13,-2.1773266461427836,5.268469677191422,1.5138019336340667,88,1.4663612230792549,0.31295010535709905,14.0,1.9748159090000001,0.8125,0.13068181818181818,1.7298619227860754,3,0.35206336930655746,-0.038078120252202675,14.700416509343059,9.47002049462171,70,60,Bayer Leverkusen,3.352534733190645,88.0,Left Attacking Midfield,MID,989,23,0.03297909909733715,0.3050840505431325,0.5675781685630344,8.00808897876643,1.1830131445904954,16.01617795753286,8.00808897876643,-2.1773266461427836,0.18909788438773312,0.002059111679751669,0.35206336930655746,-0.038078120252202675,14.700416509343059,9.47002049462171,6.370070778564207,5.460060667340748,0.3409090909090909,0.1334403539708119,0.028478776018340663,1.2740141557128413,0.17971024449949444,0.15741918407557814,0.2730030333670374,0.8125,0.13068181818181818,-0.023978830104766258,73.0,81.0,86.0,19.0,63.0,41.0,41.0,90.0,86.0,53.0,80.0,80.0,51.0,90.0,24.0,90.0,97.0,61.0,68.0,10.0,49.0,29.0,54.0,51.0,69.0
Antoine Griezmann,5487.0,660,1.051063576232301,3.3266364610134787,43,-1.4449403113896682,4.945079269034942,0.7309107227986479,358,-2.639068070156555,-1.6180852741496177,41.0,7.4161490820000004,0.8242424242424242,0.11818181818181818,6.224851898806046,6,0.4320158333988718,-0.021394913504008264,14.036804704473589,8.103286415461884,320,312,Barcelona,6.414552200788388,361.0,Left Center Forward,FWD,2419,33,0.03910530047991199,0.2386563447998987,0.12376902914064203,13.431169904919388,1.5998346424142207,24.555601488218272,13.319553534518397,-1.4449403113896682,0.9214842191408485,0.001592520570048941,0.4320158333988718,-0.021394913504008264,14.036804704473589,8.103286415461884,11.905746176105827,11.608102521703184,0.4727272727272727,-0.09818773307734187,-0.06020160176662488,1.5254237288135593,0.2759212142951633,0.23159845840948495,0.2232327408019843,0.8242424242424242,0.11818181818181818,-0.3297861914868268,81.0,80.0,95.0,36.0,81.0,97.0,97.0,86.0,5.0,14.0,90.0,92.0,80.0,83.0,31.0,5.0,73.0,81.0,92.0,68.0,12.0,8.0,85.0,85.0,92.0
Jeremie Frimpong,32712.0,408,1.558204520270589,10.584317811013987,28,-2.7310828616404894,5.934371308112325,1.9909381021934955,247,0.7849283238611978,-1.7572909537075343,25.0,3.319384507,0.8112745098039216,0.1323529411764706,4.24322607354714,4,0.21987442747902336,-0.0456557978281362,14.502620654127776,11.690269115620088,88,50,Bayer Leverkusen,5.422389526230464,247.0,Right Wing Back,DEF,2308,31,0.06076187470725867,0.21144499885647394,0.41273336351441026,9.631715771230503,1.0918544194107451,15.909878682842288,9.631715771230503,-2.7310828616404894,-0.3646583311099727,0.0038191287261534045,0.21987442747902336,-0.0456557978281362,14.502620654127776,11.690269115620088,3.431542461005199,1.9497400346620453,0.12254901960784313,0.030608123547447057,-0.06852521049986052,0.9748700173310226,0.1294387372746967,0.1654637550343339,0.1559792027729636,0.8112745098039216,0.1323529411764706,-0.13485563148688684,98.0,78.0,83.0,17.0,75.0,31.0,31.0,93.0,54.0,12.0,71.0,68.0,59.0,71.0,22.0,37.0,86.0,75.0,47.0,5.0,39.0,54.0,46.0,42.0,46.0
Ángel Fabián Di María Hernández,2995.0,462,0.6381517687211546,2.6242228743782325,13,-2.6897602400698637,5.110515900417796,0.9224537643070208,230,2.5688312044494324,2.8367860088912606,31.0,3.439582243,0.7987012987012987,0.12121212121212122,4.337967875703711,3,0.2824562861636791,-0.03787973203397378,14.53884460080437,10.628117938691574,103,95,Paris Saint-Germain,3.004956720121536,233.0,Right Wing,MID,1413,21,0.04064660947268501,0.19139851720519338,0.16714795378205302,14.840764331210192,0.8280254777070064,29.426751592356688,14.64968152866242,-2.6897602400698637,-0.323335709539347,0.001381280884677824,0.2824562861636791,-0.03787973203397378,14.53884460080437,10.628117938691574,6.560509554140127,6.050955414012738,0.20562770562770563,0.1636198219394543,0.18068700693574907,1.9745222929936306,0.2190816715286624,0.27630368635055486,0.19108280254777069,0.7987012987012987,0.12121212121212122,-0.11268386441110056,83.0,76.0,71.0,53.0,90.0,34.0,34.0,78.0,93.0,93.0,95.0,88.0,92.0,80.0,17.0,46.0,76.0,90.0,54.0,12.0,42.0,46.0,58.0,54.0,51.0
Philippe Coutinho Correia,3501.0,264,0.3260101547479012,1.1069110367176656,9,-2.1054780296869122,4.731861276818216,0.5919522527834232,118,1.0673621607200343,0.8283946844611032,15.0,1.463112668,0.875,0.045454545454545456,0.8509062082829298,1,0.3841014140364549,-0.024684310008792388,14.484921664466784,9.083709480237575,96,92,Barcelona,1.221551957637201,120.0,Center Attacking Midfield,MID,652,11,0.04500140172900476,0.16861913525666886,0.15279446825857346,16.56441717791411,1.2423312883435582,36.441717791411044,16.28834355828221,-2.1054780296869122,0.2609465008436045,0.001234886949802656,0.3841014140364549,-0.024684310008792388,14.484921664466784,9.083709480237575,13.25153374233129,12.699386503067483,0.3484848484848485,0.1473352675840538,0.11434895951150197,2.0705521472392636,0.20196340509202454,0.11745637844396271,0.13803680981595093,0.875,0.045454545454545456,0.029878889140091083,88.0,75.0,90.0,81.0,97.0,53.0,53.0,75.0,88.0,88.0,97.0,85.0,32.0,68.0,68.0,98.0,75.0,97.0,73.0,54.0,37.0,22.0,90.0,86.0,71.0
Keylor Navas Gamboa,5597.0,47,-0.04092772867063374,0.1875725718350887,0,-5.786285467675347,7.206515716353653,-3.0121374989672494,0,0.00022642026237107863,0.00015784057833203324,0.0,0.0,0.7659574468085106,0.1702127659574468,0.6836628496653285,0,0.036742139588859184,-0.01699262159850205,16.63457901067219,20.83034321293165,0,0,Paris Saint-Germain,,,Goalkeeper,GK,1223,13,-0.0030118524778062444,0.0,0.01380337813994929,0.0,0.0,3.4587080948487325,0.0,-5.786285467675347,-3.41986093714483,-0.0008708027376730583,0.036742139588859184,-0.01699262159850205,16.63457901067219,20.83034321293165,0.0,0.0,0.0,1.666216158086433e-05,1.161541459516189e-05,0.0,0.0,0.05031043047414519,0.0,0.7659574468085106,0.1702127659574468,-0.050293768312564324,46.0,70.0,3.0,2.0,4.0,3.0,3.0,7.0,39.0,31.0,6.0,6.0,5.0,19.0,8.0,83.0,64.0,4.0,5.0,85.0,100.0,98.0,3.0,4.0,4.0
Lukáš Hrádecký,8667.0,138,-0.05378978875640658,0.1387781952611118,3,-5.87909900210235,5.879426104807389,-1.255026350923946,0,0.0001504961247479194,0.00017543966622115127,0.0,0.0,0.7463768115942029,0.15217391304347827,2.2851446894875433,0,0.03631347645293079,-0.024462546508550252,13.955983901814681,20.003304924817275,0,0,Bayer Leverkusen,,,Goalkeeper,GK,3143,33,-0.001540273938299902,0.0,0.003973922231466771,0.0,0.08590518612790328,3.9516385618835512,0.0,-5.87909900210235,-3.5126744715718337,-0.00038978107794497525,0.03631347645293079,-0.024462546508550252,13.955983901814681,20.003304924817275,0.0,0.0,0.0,4.309465869332722e-06,5.023725726981742e-06,0.0,0.0,0.06543525995987239,0.0,0.7463768115942029,0.15217391304347827,-0.06543095049400305,47.0,70.0,14.0,3.0,4.0,2.0,2.0,17.0,37.0,27.0,6.0,6.0,8.0,19.0,7.0,78.0,61.0,4.0,3.0,56.0,5.0,95.0,3.0,4.0,4.0
Gianluigi Donnarumma,7036.0,216,-0.1844537513129963,-0.11010577682049871,2,-4.813848922180354,7.385266587793893,-3.3332498889732274,0,0.0008145946836322825,0.000523090636657541,0.0,0.0,0.8055555555555556,0.11574074074074074,2.178752841284395,0,0.04114496212981283,-0.03288308937804824,16.370303771258737,20.41553110699534,1,0,Paris Saint-Germain,,,Goalkeeper,GK,4237,45,-0.003918064106247266,0.0,-0.002338805738457608,0.0,0.04248288883644088,4.588151994335615,0.0,-4.813848922180354,-2.4474243916498377,-0.0008539525523749828,0.04114496212981283,-0.03288308937804824,16.370303771258737,20.41553110699534,0.02124144441822044,0.0,0.0,1.7303167695752992e-05,1.11112006842527e-05,0.0,0.0,0.04627985737918233,0.0,0.8055555555555556,0.11574074074074074,-0.046262554211486576,42.0,70.0,10.0,5.0,4.0,5.0,5.0,10.0,41.0,29.0,6.0,6.0,3.0,19.0,20.0,85.0,59.0,4.0,7.0,25.0,98.0,97.0,5.0,4.0,4.0
Marc-André ter Stegen,20055.0,213,-0.2530210282432545,1.2846841047354973,0,-3.8093786482923218,7.706938902860718,-3.635563219858978,0,0.000830430627648788,0.00046876379608642245,0.0,0.0,0.8169014084507042,0.11737089201877934,2.621575959960084,0,0.021617501483687435,-0.0015402805029481141,16.213552261384468,22.21071618842736,1,0,Barcelona,,,Goalkeeper,GK,2736,29,-0.008323060139580741,0.0,0.04225934555050978,0.0,0.0,7.006578947368421,0.0,-3.8093786482923218,-1.442954117761805,-0.0011878921513767816,0.021617501483687435,-0.0015402805029481141,16.213552261384468,22.21071618842736,0.03289473684210526,0.0,0.0,2.7316796962131187e-05,1.5419861713369157e-05,0.0,0.0,0.08623605131447644,0.0,0.8169014084507042,0.11737089201877934,-0.0862087345175143,29.0,70.0,3.0,7.0,4.0,12.0,12.0,2.0,42.0,32.0,6.0,6.0,20.0,19.0,25.0,64.0,68.0,4.0,2.0,100.0,97.0,100.0,7.0,4.0,4.0
Gerard Piqué Bernabéu,5213.0,514,-0.12678113947856046,-0.9097348663904006,2,-1.8537131864080434,5.558316382483398,-1.0090059440712185,9,-1.3351981276099842,-0.31662924750692883,4.0,0.386220271,0.9416342412451362,0.011673151750972763,0.5187124306188206,0,0.053632220018180105,-0.005673810014225168,15.106551536536248,17.26096059379537,10,8,Barcelona,-0.2648212467726627,9.0,Right Center Back,DEF,1551,18,-0.007356739234732715,-0.0153668034877754,-0.052789257237354004,0.5222437137330754,0.11605415860735009,29.825918762088975,0.5222437137330754,-1.8537131864080434,0.5127113441224733,-0.00024665591338241335,0.053632220018180105,-0.005673810014225168,15.106551536536248,17.26096059379537,0.5802707930367504,0.46421663442940037,0.01556420233463035,-0.077477647636943,-0.018373070454947515,0.23210831721470018,0.02241123429400387,0.03009936734732034,0.0,0.9416342412451362,0.011673151750972763,-0.10757701498426334,32.0,66.0,17.0,59.0,8.0,61.0,61.0,32.0,7.0,19.0,24.0,27.0,2.0,19.0,100.0,51.0,58.0,8.0,8.0,98.0,68.0,93.0,14.0,25.0,22.0
Fabián Ruiz Peña,6655.0,658,0.043721675506658245,0.937202058939435,7,-1.6521227131649812,4.387871255805083,0.0008653903643003761,111,1.372728917937119,1.4907517431058095,10.0,1.011797318,0.8571428571428571,0.0790273556231003,4.1160974860199016,3,0.33931871610403547,-0.026945999965925824,15.403296181513907,10.335576858087052,138,178,Paris Saint-Germain,-0.4764474559791011,113.0,Left Center Midfield,MID,1627,23,0.0024185315277192635,-0.026355421658339952,0.05184276908700009,6.250768285187462,0.38721573448063923,36.39827904118008,6.1401352181929925,-1.6521227131649812,0.7143018173655356,6.644631535966299e-05,0.33931871610403547,-0.026945999965925824,15.403296181513907,10.335576858087052,7.633681622618316,9.846342962507682,0.270516717325228,0.07593460517169066,0.08246321873357275,0.5531653349723417,0.0559691202335587,0.22768824446330124,0.16594960049170251,0.8571428571428571,0.0790273556231003,-0.15175363929161056,51.0,64.0,47.0,80.0,42.0,76.0,76.0,51.0,66.0,78.0,51.0,47.0,75.0,76.0,54.0,29.0,69.0,47.0,64.0,46.0,85.0,42.0,69.0,76.0,64.0
Nordi Mukiele Mulere,2935.0,225,0.02824858688768938,-3.106431100549757,4,-3.2823877013560567,5.237178778629531,-0.018266495746345156,52,0.2978369827402262,0.37930269040161074,4.0,0.517591274,0.84,0.09333333333333334,1.8031900095575337,0,0.11996433432288449,-0.04007044686672616,15.742982582095593,14.487278307803004,15,7,Paris Saint-Germain,-0.2788395026927602,52.0,Right Center Back,DEF,906,15,0.002806151015333382,-0.027699288346962937,-0.3085858709155388,5.1655629139072845,0.3973509933774834,22.350993377483444,5.1655629139072845,-3.2823877013560567,-0.91596317082554,0.00012554927505639726,0.11996433432288449,-0.04007044686672616,15.742982582095593,14.487278307803004,1.490066225165563,0.695364238410596,0.03111111111111111,0.029586455239095314,0.03767907520545802,0.3973509933774834,0.05141635172185431,0.17912483538650997,0.0,0.84,0.09333333333333334,-0.14953838014741466,54.0,63.0,51.0,29.0,36.0,20.0,20.0,54.0,51.0,59.0,39.0,44.0,64.0,19.0,42.0,31.0,29.0,36.0,29.0,8.0,93.0,76.0,31.0,31.0,32.0
Lionel Andrés Messi Cuccittini,5503.0,3222,0.79029021309349,-40.32577499228182,57,-1.6929644790126277,4.368126077777524,0.036665625513271814,1349,-6.863983102415869,-0.9424939129807501,210.0,29.570313389,0.8004345127250155,0.11080074487895716,26.980796993573396,35,0.40979841501182496,-0.025414508690744228,14.14156476770498,8.520461801320295,1381,1324,Paris Saint-Germain,-3.081103612401651,1355.0,Right Center Forward,FWD,8406,93,0.008461351317917452,-0.032988261374750014,-0.4317534795747518,14.507494646680943,0.6102783725910065,34.49678800856531,14.443254817987153,-1.6929644790126277,0.673460051517889,0.00024527939574596214,0.40979841501182496,-0.025414508690744228,14.14156476770498,8.520461801320295,14.785867237687365,14.17558886509636,0.41092489137181876,-0.0734901831093776,-0.010090941252470557,2.2483940042826553,0.3165986444218415,0.2888736294815139,0.3747323340471092,0.8004345127250155,0.11080074487895716,-0.3623638125908915,58.0,61.0,58.0,75.0,88.0,69.0,69.0,56.0,8.0,20.0,100.0,98.0,95.0,97.0,19.0,2.0,15.0,88.0,88.0,51.0,19.0,15.0,98.0,90.0,86.0
Alejandro Grimaldo García,10336.0,736,0.44750660717665963,3.6917996874270975,25,-3.1429063201171688,5.295131304957998,0.752971119334653,268,-0.3963577491631831,1.5265888795512323,29.0,3.4649666474,0.8274456521739131,0.09782608695652174,5.748817533669941,2,0.2137547445044454,-0.03243497006550281,14.421058442925604,12.03370768316789,126,92,Bayer Leverkusen,-1.9110454846993052,270.0,Left Wing Back,DEF,2927,33,0.01376002550252797,-0.058761220916616834,0.11351621860896438,8.302015715749913,0.7687051588657329,22.630679877007175,8.240519303040655,-3.1429063201171688,-0.776481789586652,0.0006080252814900267,0.2137547445044454,-0.03243497006550281,14.421058442925604,12.03370768316789,3.874274000683293,2.828834984625897,0.125,-0.012187289861525959,0.04693986988712364,0.8916979842842501,0.10654150948616331,0.17676582782039452,0.061496412709258624,0.8274456521739131,0.09782608695652174,-0.18895311768192047,63.0,59.0,66.0,31.0,68.0,22.0,22.0,66.0,31.0,64.0,69.0,66.0,63.0,47.0,34.0,20.0,71.0,68.0,46.0,32.0,32.0,56.0,47.0,46.0,47.0
Marcos Aoás Corrêa,4372.0,1535,-0.6691054195899953,-12.454300454727756,2,-2.3821982494274025,5.198843320957662,-0.6225666988193269,44,-1.1165035508515024,0.4099870816390297,9.0,1.554828906,0.9192182410423453,0.021498371335504887,2.7101667030814096,2,0.07698026219216178,-0.01723224943576582,15.42804638897482,16.321369931095756,44,40,Paris Saint-Germain,-3.114608700201886,44.0,Right Center Back,DEF,4530,51,-0.013293485157417125,-0.06187964305036859,-0.24743643287538586,0.8741721854304636,0.039735099337748346,30.496688741721854,0.8741721854304636,-2.3821982494274025,-0.015773718896885836,-0.00043589929614983405,0.07698026219216178,-0.01723224943576582,15.42804638897482,16.321369931095756,0.8741721854304636,0.7947019867549668,0.026058631921824105,-0.022182189752016607,0.008145438708060193,0.17880794701986755,0.03089064051655629,0.05384437158439887,0.039735099337748346,0.9192182410423453,0.021498371335504887,-0.07602656133641547,10.0,58.0,7.0,63.0,12.0,37.0,37.0,15.0,19.0,41.0,22.0,34.0,7.0,37.0,93.0,69.0,36.0,12.0,14.0,83.0,86.0,88.0,22.0,32.0,29.0
Georginio Wijnaldum,3567.0,197,0.01206114102499016,-3.99730489160164,2,-1.8309008258934893,4.440478397253133,0.19107838718813255,62,0.8712134436062201,0.4047066982661479,6.0,1.116252014,0.817258883248731,0.08121827411167512,1.6665610041696945,3,0.39805676719006616,-0.01845194637214999,15.005113687447245,9.054549592881957,68,75,Paris Saint-Germain,-0.8318395672949213,63.0,Right Center Midfield,MID,993,20,0.0010931547756788665,-0.07539331425633727,-0.36229349470709726,5.709969788519637,0.18126888217522658,17.854984894259818,5.619335347432024,-1.8309008258934893,0.5355237046370274,6.122406611670132e-05,0.39805676719006616,-0.01845194637214999,15.005113687447245,9.054549592881957,6.163141993957704,6.7975830815709966,0.38071065989847713,0.07896194352926465,0.03668036540176567,0.5438066465256798,0.10117087740181269,0.15104782515133183,0.2719033232628399,0.817258883248731,0.08121827411167512,-0.07208588162206718,49.0,56.0,27.0,20.0,37.0,63.0,63.0,49.0,69.0,58.0,49.0,64.0,49.0,88.0,27.0,75.0,25.0,37.0,80.0,78.0,64.0,20.0,53.0,59.0,81.0
Presnel Kimpembe,2999.0,782,-0.2796403712572536,-2.738016035780738,1,-2.141857582422876,5.17029028640478,-0.5476552249808145,33,-0.13965945675492764,0.6658427335782213,2.0,0.14737715,0.9194373401534527,0.02557544757033248,1.845486847552365,0,0.07969354288898697,-0.016697876422168828,15.305424198366,15.854161778887503,10,5,Paris Saint-Germain,-2.328357060076705,33.0,Left Center Back,DEF,2529,30,-0.009951614635489452,-0.08285968185326352,-0.09743829308828249,1.1743772241992882,0.03558718861209965,27.829181494661924,1.1743772241992882,-2.141857582422876,0.22456694810764066,-0.00035759638268191,0.07969354288898697,-0.016697876422168828,15.305424198366,15.854161778887503,0.35587188612099646,0.17793594306049823,0.00639386189258312,-0.004970087429000983,0.023695470945844174,0.0711743772241993,0.005244738434163702,0.0656756885249952,0.0,0.9194373401534527,0.02557544757033248,-0.07064577595399618,19.0,54.0,5.0,47.0,15.0,47.0,47.0,24.0,32.0,49.0,14.0,17.0,10.0,19.0,95.0,76.0,53.0,15.0,17.0,86.0,76.0,86.0,8.0,8.0,10.0
Ronald Federico Araújo da Silva,32480.0,319,-0.10742802535903424,-1.8580507047795565,3,-2.1688958067820585,5.687371122587777,-0.36009433789002904,12,-0.5766368482550481,0.04407790248243494,4.0,1.1625382789999998,0.9278996865203761,0.034482758620689655,0.973423406571449,0,0.05769671487432333,-0.006581029048582742,15.149699687665562,17.04814433560936,7,6,Barcelona,-1.3588720337800229,12.0,Right Center Back,DEF,1314,21,-0.007358083928700975,-0.09307342697123444,-0.12726374690270933,0.821917808219178,0.2054794520547945,21.849315068493148,0.821917808219178,-2.1688958067820585,0.1975287237484582,-0.0003367649697775368,0.05769671487432333,-0.006581029048582742,15.149699687665562,17.04814433560936,0.4794520547945205,0.410958904109589,0.018808777429467086,-0.039495674538016994,0.003019034416605133,0.273972602739726,0.07962590952054793,0.06667283606653761,0.0,0.9278996865203761,0.034482758620689655,-0.1061685106045546,31.0,53.0,32.0,24.0,10.0,42.0,42.0,25.0,14.0,34.0,27.0,59.0,14.0,19.0,98.0,53.0,49.0,10.0,10.0,97.0,69.0,92.0,10.0,20.0,25.0
Thilo Kehrer,8511.0,268,-0.09842942282339537,-2.3531584434293102,4,-3.0198174364351664,5.514735694615162,-0.6157007345351728,31,0.2503278136100169,0.3092334891506386,0.0,0.0,0.8880597014925373,0.055970149253731345,1.2338579236892957,1,0.1026081682730775,-0.01835203237674322,15.9816431160405,14.7442445642219,14,3,Paris Saint-Germain,-1.0111236109525574,32.0,Right Back,DEF,903,18,-0.009810241477414822,-0.100776439629823,-0.23453406412916716,3.1893687707641196,0.39867109634551495,26.710963455149503,3.089700996677741,-3.0198174364351664,-0.6533929059046497,-0.00036727396575893793,0.1026081682730775,-0.01835203237674322,15.9816431160405,14.7442445642219,1.3953488372093024,0.29900332225913623,0.011194029850746268,0.02494961597442029,0.030820613536608497,0.0,0.0,0.12297587279295305,0.09966777408637874,0.8880597014925373,0.055970149253731345,-0.09802625681853276,20.0,51.0,53.0,42.0,24.0,25.0,25.0,20.0,47.0,56.0,6.0,6.0,39.0,61.0,78.0,58.0,37.0,24.0,24.0,80.0,95.0,78.0,27.0,12.0,15.0
Achraf Hakimi Mouh,5245.0,1060,0.6898327222959239,-6.17834592706147,31,-3.867022516722174,5.4679165884973475,1.134982442312553,376,2.8856720046952993,3.6603829632886584,14.0,2.937307758,0.8528301886792453,0.07735849056603773,6.778019119678324,4,0.13917658772444108,-0.033954881357509285,15.395597119360158,13.748381165718811,98,55,Paris Saint-Germain,-4.367314908612533,377.0,Right Back,DEF,3795,45,0.016359669303460646,-0.10357268557974388,-0.14652203779592418,8.940711462450594,0.7351778656126482,25.138339920948614,8.91699604743083,-3.867022516722174,-1.5005979861916572,0.0006507855870716263,0.13917658772444108,-0.033954881357509285,15.395597119360158,13.748381165718811,2.324110671936759,1.3043478260869565,0.05188679245283019,0.06843490920226006,0.08680750110565988,0.3320158102766798,0.06965947252173914,0.16074353643505906,0.09486166007905138,0.8528301886792453,0.07735849056603773,-0.092308627232799,68.0,49.0,63.0,37.0,71.0,10.0,10.0,68.0,63.0,80.0,34.0,56.0,58.0,59.0,53.0,63.0,46.0,71.0,39.0,20.0,83.0,68.0,37.0,37.0,37.0
Jonathan Tah,8221.0,897,-0.8182328801163469,0.19266629819426465,2,-1.6594621752942795,4.585855264425778,-0.9851547519411624,33,-1.1867845335868128,0.5168227629947749,10.0,0.434620451,0.915273132664437,0.033444816053511704,2.5642869525682253,0,0.11667901918478578,-0.026413396642922443,13.680942819348182,14.117472952671415,19,10,Bayer Leverkusen,-3.6911182497771526,34.0,Center Back,DEF,2776,31,-0.026527723058527096,-0.11966881933715552,0.0062463857483731336,1.1023054755043227,0.06484149855907781,29.081412103746395,1.069884726224784,-1.6594621752942795,0.7069623552362372,-0.0009121882721475438,0.11667901918478578,-0.026413396642922443,13.680942819348182,14.117472952671415,0.6159942363112392,0.324207492795389,0.011148272017837236,-0.03847644381225258,0.016755781221012157,0.324207492795389,0.014090720673631124,0.0831361043700073,0.0,0.915273132664437,0.033444816053511704,-0.12161254818225989,3.0,47.0,12.0,49.0,14.0,75.0,75.0,5.0,15.0,44.0,32.0,19.0,19.0,19.0,90.0,44.0,63.0,14.0,25.0,47.0,2.0,75.0,17.0,14.0,14.0
Carlos Soler Barragán,6583.0,269,-0.06068874204842736,0.2617302465764717,11,-2.168381293071906,4.5835163421285205,0.2561991933159498,105,0.9963603798016732,1.0233594936087056,6.0,0.441053663,0.7843866171003717,0.11895910780669144,2.4241934593340324,0,0.3120572139222701,-0.027379895446220413,14.808708847525539,9.935739986217497,76,71,Paris Saint-Germain,-1.777625559287796,107.0,Right Center Midfield,MID,1160,22,-0.004708609296860743,-0.13791922442750143,0.02030665706196763,8.301724137931036,0.853448275862069,20.870689655172413,8.14655172413793,-2.168381293071906,0.19804323745861074,-0.00022560870649972997,0.3120572139222701,-0.027379895446220413,14.808708847525539,9.935739986217497,5.8965517241379315,5.508620689655173,0.26394052044609667,0.07730382257081947,0.07939858140067543,0.46551724137931033,0.03421968075,0.18808397529315768,0.0,0.7843866171003717,0.11895910780669144,-0.11078015272233821,41.0,46.0,73.0,22.0,66.0,44.0,44.0,39.0,68.0,76.0,44.0,37.0,66.0,19.0,14.0,47.0,66.0,66.0,59.0,41.0,54.0,34.0,51.0,53.0,59.0
Sergio Ramos García,5201.0,1175,-0.4529963057546816,-10.83682445988137,5,-2.2963782111550746,4.939330490274672,-0.46807021204908855,45,-0.5077238232708737,0.15860624672772183,4.0,0.535481327,0.9259574468085107,0.028085106382978724,2.924846382470631,0,0.08972636308757068,-0.02711489085929294,15.560517446308333,15.747425164964193,21,13,Paris Saint-Germain,-5.005032585731977,46.0,Right Center Back,DEF,3202,38,-0.012732563247320845,-0.14067861733787568,-0.3045953158617499,1.2929419113054341,0.1405371642723298,33.0262336039975,1.2648344784509682,-2.2963782111550746,0.07004631937544215,-0.00038552877085504814,0.08972636308757068,-0.02711489085929294,15.560517446308333,15.747425164964193,0.5902560899437851,0.3653966271080575,0.011063829787234043,-0.014270813271198826,0.004458014430198302,0.11242973141786383,0.015051005443472827,0.08220992330492091,0.0,0.9259574468085107,0.028085106382978724,-0.09648073657611973,14.0,44.0,20.0,69.0,17.0,39.0,39.0,19.0,25.0,37.0,17.0,22.0,17.0,19.0,97.0,59.0,31.0,17.0,20.0,44.0,90.0,85.0,15.0,15.0,12.0
Nuno Mendes,41092.0,716,1.1243010207084647,-13.154998203030248,18,-4.273051207555848,5.548300906603781,1.8256152247038357,275,2.8392466743259637,1.2417696340728819,10.0,1.546450261,0.861731843575419,0.0712290502793296,4.2128875135594,3,0.12657562735368216,-0.037866538554582274,15.244998304663726,13.736434442634767,57,27,Paris Saint-Germain,-5.669435882293254,276.0,Left Back,DEF,2888,42,0.03503708167027764,-0.17667909605484514,-0.40995493014983453,8.601108033240997,0.5609418282548477,22.313019390581715,8.569944598337951,-4.273051207555848,-1.906626677025331,0.0015702528222185262,0.12657562735368216,-0.037866538554582274,15.244998304663726,13.736434442634767,1.776315789473684,0.8414127423822714,0.03770949720670391,0.08848067890905012,0.03869780715601086,0.3116343490304709,0.04819270203947368,0.13128804578266828,0.09349030470914128,0.861731843575419,0.0712290502793296,-0.04280736687361816,78.0,42.0,56.0,27.0,69.0,8.0,8.0,85.0,73.0,61.0,29.0,41.0,46.0,58.0,58.0,86.0,20.0,69.0,34.0,14.0,73.0,66.0,32.0,34.0,36.0
Exequiel Alejandro Palacios,28268.0,810,-0.22595846414708773,-5.565077313482862,6,-1.5482155062985252,4.041405033374449,-0.34672481245007014,131,-0.6017837147318078,1.220809148033948,15.0,1.690729789,0.8679012345679012,0.07530864197530865,4.9736381682249275,3,0.38332809390410194,-0.020314577255212286,14.373254771949526,9.473725247376489,272,302,Bayer Leverkusen,-3.7671724704668015,131.0,Left Defensive Midfield,MID,1899,24,-0.010708931950098944,-0.17853897964297638,-0.2637477399754911,6.208530805687205,0.2843601895734597,38.388625592417064,6.208530805687205,-1.5482155062985252,0.8182090242319915,-0.00027896106684825646,0.38332809390410194,-0.020314577255212286,14.373254771949526,9.473725247376489,12.890995260663505,14.312796208530806,0.3728395061728395,-0.02852055520055961,0.05785825346132455,0.7109004739336492,0.08012937388625592,0.23571744873103923,0.14218009478672985,0.8679012345679012,0.07530864197530865,-0.26423800393159885,17.0,41.0,39.0,88.0,46.0,92.0,92.0,31.0,17.0,69.0,61.0,61.0,83.0,69.0,63.0,12.0,32.0,44.0,71.0,71.0,31.0,31.0,86.0,92.0,76.0
Edmond Fayçal Tapsoba,30606.0,754,-0.651681025947428,6.713310468000381,1,-1.718975901246408,5.303695707309225,-1.1390454391667821,41,-0.004946684632249076,1.1503923538374523,4.0,0.358901919,0.8859416445623343,0.03978779840848806,2.5629659041188413,1,0.10146792949230905,-0.01345363387092161,14.103728616663805,14.89743334106214,17,9,Bayer Leverkusen,-4.5873238124658435,41.0,Left Center Back,DEF,2215,28,-0.02647913875181423,-0.18639238967129837,0.2727755946365843,1.6659142212189617,0.040632054176072234,30.636568848758465,1.6659142212189617,-1.718975901246408,0.6474486292841086,-0.0008642984429010982,0.10146792949230905,-0.01345363387092161,14.103728616663805,14.89743334106214,0.690744920993228,0.3656884875846501,0.011936339522546418,-0.0002009939579694884,0.046742804444862625,0.16252821670428894,0.01458292221670429,0.10413856946758271,0.040632054176072234,0.8859416445623343,0.03978779840848806,-0.1043395634255522,5.0,39.0,8.0,64.0,19.0,66.0,66.0,8.0,36.0,63.0,20.0,20.0,25.0,39.0,75.0,56.0,81.0,19.0,22.0,93.0,15.0,80.0,19.0,17.0,19.0
Warren Zaire Emery,144059.0,220,0.0546893761477723,-0.7343605474326212,2,-3.0425994833190773,5.099691801991289,0.7441083202728107,52,0.4314125638437916,0.9074050678633693,4.0,0.168801335,0.8681818181818182,0.07727272727272727,1.4323208402325274,2,0.27966689731952776,-0.0346959230010449,15.165161094632001,11.688709413540264,49,45,Paris Saint-Germain,-1.76915907865992,52.0,Right Wing Back,DEF,814,23,0.006046736920515364,-0.1956072691393032,-0.08119465512154289,5.749385749385749,0.22113022113022113,24.324324324324326,5.749385749385749,-3.0425994833190773,-0.6761749527885605,0.000248588073398965,0.27966689731952776,-0.0346959230010449,15.165161094632001,11.688709413540264,5.417690417690418,4.975429975429975,0.20454545454545456,0.047699177820566645,0.10032734165565509,0.44226044226044225,0.018663538267813265,0.15836471206502145,0.22113022113022113,0.8681818181818182,0.07727272727272727,-0.1106655342444548,56.0,37.0,34.0,34.0,39.0,24.0,24.0,58.0,58.0,85.0,42.0,24.0,53.0,81.0,64.0,49.0,54.0,39.0,51.0,19.0,71.0,53.0,49.0,49.0,49.0
Vitor Machado Ferreira,34639.0,707,-0.14534361531748394,-11.218803914459667,8,-1.5875445152964953,4.201199484397576,-0.20519654352547545,165,1.7678262923161538,1.8306737893481024,14.0,1.368876239,0.8387553041018387,0.09618104667609619,5.55599387254558,1,0.39610804041481384,-0.015904720342773446,15.332285086201884,9.139302515713972,239,263,Paris Saint-Germain,-4.716309361890004,165.0,Right Center Midfield,MID,2123,30,-0.006161528675729418,-0.1999377496797458,-0.4755969629304616,6.994818652849741,0.3391427225624117,29.97173810645313,6.994818652849741,-1.5875445152964953,0.7788800152340214,-0.00020557795660181604,0.39610804041481384,-0.015904720342773446,15.332285086201884,9.139302515713972,10.131888836552049,11.149317004239284,0.371994342291372,0.07494317772418928,0.0776074616303953,0.5934997644842205,0.05803055181818182,0.2355343610593981,0.04239284032030146,0.8387553041018387,0.09618104667609619,-0.16059118333520883,36.0,36.0,46.0,61.0,54.0,85.0,85.0,41.0,64.0,75.0,54.0,49.0,81.0,41.0,41.0,27.0,14.0,54.0,78.0,88.0,80.0,24.0,78.0,81.0,75.0
Piero Martín Hincapié Reyna,38004.0,601,-0.21557083909158842,-1.7698408643369514,3,-2.1015350401692485,5.613285182304886,-0.5989275481775803,57,-0.34229860590376415,1.0862543687376454,2.0,0.087237785,0.9068219633943427,0.03494176372712146,1.8500256616035469,0,0.07820224807773224,-0.012685966945617883,14.338790248263098,15.61715866487545,20,7,Bayer Leverkusen,-3.5923844562597282,57.0,Left Center Back,DEF,1592,26,-0.01218679366723804,-0.203087060969457,-0.10005381770749097,3.222361809045226,0.16959798994974873,33.97613065326633,3.222361809045226,-2.1015350401692485,0.2648894903612682,-0.00035868692028550485,0.07820224807773224,-0.012685966945617883,14.338790248263098,15.61715866487545,1.1306532663316584,0.3957286432160804,0.011647254575707155,-0.0193510518412932,0.061408852504012616,0.11306532663316583,0.004931784327889447,0.10458687785447188,0.0,0.9068219633943427,0.03494176372712146,-0.12393792969576507,15.0,34.0,24.0,73.0,25.0,54.0,54.0,22.0,22.0,71.0,19.0,15.0,27.0,19.0,86.0,41.0,51.0,25.0,15.0,95.0,25.0,83.0,25.0,19.0,17.0
Danilo Luís Hélio Pereira,13621.0,1180,-0.2775042626552676,-10.087383986637002,7,-2.1197004825806984,4.866171366245559,-0.24147257775543018,77,0.03685576278129533,0.12552436878319656,2.0,0.034465333,0.8949152542372881,0.05423728813559322,5.885118660063935,5,0.17782977986995696,-0.024810816788951886,15.583290351601276,13.725316655048067,96,117,Paris Saint-Germain,-8.601175793167572,77.0,Left Center Back,DEF,3611,46,-0.006916472899189723,-0.21437436205623966,-0.2514163829402742,1.9191359734145665,0.17446690667405151,29.41013569648297,1.9191359734145665,-2.1197004825806984,0.24672404794981828,-0.00023517310394514205,0.17782977986995696,-0.024810816788951886,15.583290351601276,13.725316655048067,2.3926890058155634,2.9160897258377183,0.09915254237288136,0.0009185872750807476,0.003128549761973883,0.04984768762115757,0.0008590085765715868,0.14667977829015624,0.12461921905289393,0.8949152542372881,0.05423728813559322,-0.1457611910150755,34.0,32.0,25.0,51.0,22.0,51.0,51.0,34.0,44.0,36.0,12.0,12.0,47.0,66.0,81.0,32.0,34.0,22.0,42.0,53.0,92.0,64.0,39.0,47.0,42.0
Sergino Dest,21881.0,608,1.0112876058900206,-1.4056350077259538,18,-3.388411176342379,5.966573269425222,1.7387536109802664,313,1.2613899784057017,2.0415586575340923,15.0,1.789588204,0.8782894736842105,0.054276315789473686,2.516308810839987,0,0.1246654605181413,-0.033642581774778316,14.683446483481347,13.981401059532345,55,33,Barcelona,-4.994661605600255,314.0,Right Back,DEF,1844,28,0.049357854951248295,-0.2437741564555439,-0.06860474549638604,15.325379609544468,0.8785249457700651,29.674620390455534,15.276572668112799,-3.388411176342379,-1.0219866458118623,0.0016633019833717446,0.1246654605181413,-0.033642581774778316,14.683446483481347,13.981401059532345,2.684381778741866,1.6106290672451193,0.054276315789473686,0.06156458679854292,0.09964223382758584,0.7321041214750542,0.087344326659436,0.12281333675466316,0.0,0.8782894736842105,0.054276315789473686,-0.061248749956120244,93.0,31.0,75.0,56.0,93.0,17.0,17.0,88.0,59.0,83.0,63.0,63.0,37.0,19.0,71.0,80.0,56.0,92.0,31.0,24.0,47.0,73.0,41.0,41.0,41.0
Renato Júnior Luz Sanches,3593.0,334,0.13213508187384368,-1.490300079587643,6,-1.7644195491052337,4.312837091144922,0.004207365116362876,58,0.9397668805213019,1.486730628753451,8.0,1.426310714,0.8892215568862275,0.04491017964071856,1.0647696598057739,0,0.3283602945198534,-0.026175488029648187,15.312862566919895,10.755632500536477,80,93,Paris Saint-Germain,-2.2891642655242768,58.0,Left Center Midfield,MID,840,22,0.014157330200768967,-0.24526759987760108,-0.15967500852724748,6.214285714285714,0.6428571428571428,35.785714285714285,6.214285714285714,-1.7644195491052337,0.602004981425283,0.00039561401758635834,0.3283602945198534,-0.026175488029648187,15.312862566919895,10.755632500536477,8.571428571428571,9.964285714285714,0.27844311377245506,0.10068930862728236,0.15929256736644118,0.8571428571428572,0.15281900507142857,0.11408246355061863,0.0,0.8892215568862275,0.04491017964071856,-0.013393154923336273,66.0,29.0,59.0,76.0,47.0,64.0,64.0,61.0,76.0,92.0,68.0,73.0,31.0,19.0,80.0,92.0,44.0,46.0,63.0,49.0,78.0,47.0,76.0,78.0,66.0
Robert Andrich,9195.0,596,-0.549449652114776,-4.14514796666809,3,-1.3977256727498903,4.119579522683514,-0.6579909325208384,93,-1.0448304401427069,-0.007472232061419365,12.0,0.558821102,0.87751677852349,0.050335570469798654,2.5055666501991696,1,0.32185193718518856,-0.013579165152343253,14.05413159228322,10.098355254493308,148,161,Bayer Leverkusen,-5.227489296873642,93.0,Right Defensive Midfield,MID,1821,28,-0.027155666496611663,-0.25836026178947163,-0.20486728006596822,4.596375617792422,0.14827018121911037,29.45634266886326,4.596375617792422,-1.3977256727498903,0.9686988577806264,-0.0009218953894543222,0.32185193718518856,-0.013579165152343253,14.05413159228322,10.098355254493308,7.314662273476112,7.957166392092256,0.2701342281879195,-0.05163906623440068,-0.00036930306728596534,0.5930807248764415,0.02761883535420099,0.12383360709386342,0.04942339373970346,0.87751677852349,0.050335570469798654,-0.1754726733282641,2.0,27.0,22.0,54.0,34.0,100.0,100.0,3.0,12.0,25.0,53.0,31.0,41.0,42.0,69.0,22.0,39.0,34.0,61.0,92.0,14.0,39.0,66.0,66.0,63.0
Clément Lenglet,6826.0,1081,-0.4878753047585622,-5.71963497047263,4,-2.4867832504683838,5.502043504551828,-0.6901108239175975,55,0.7658586887536187,1.6621998338061965,3.0,0.08013442600000001,0.8954671600370028,0.036077705827937095,3.498428671910449,0,0.06597061783026772,-0.018040987361701354,15.259821437958754,16.596490360445852,14,6,Barcelona,-7.948996433095258,55.0,Left Center Back,DEF,2586,32,-0.016979418959114697,-0.27664720764832684,-0.19905922171018436,1.9141531322505803,0.13921113689095127,37.62180974477958,1.9141531322505803,-2.4867832504683838,-0.12035871993786706,-0.0004513185057896043,0.06597061783026772,-0.018040987361701354,15.259821437958754,16.596490360445852,0.4872389791183295,0.2088167053364269,0.005550416281221091,0.026654014689801116,0.05784918215102772,0.10440835266821345,0.002788901136890952,0.1217550581871386,0.0,0.8954671600370028,0.036077705827937095,-0.09510104349733747,8.0,25.0,19.0,83.0,20.0,36.0,36.0,14.0,49.0,68.0,15.0,14.0,36.0,19.0,83.0,61.0,41.0,20.0,12.0,81.0,75.0,90.0,12.0,10.0,8.0
Juan Bernat Velasco,15651.0,551,0.7624041115848676,-10.398809824093563,12,-4.406666988302684,5.3845494897125965,1.289158796141007,170,2.2433624120663853,2.266241075160277,8.0,0.524594692,0.8693284936479129,0.050816696914700546,2.399706964218321,0,0.11904935261501746,-0.03381407681812436,15.442629773690744,13.851723576330054,46,17,Paris Saint-Germain,-6.954253554082953,170.0,Left Back,DEF,2253,36,0.030455557053989387,-0.2777997425066426,-0.41539852825939666,6.790945406125166,0.4793608521970706,22.010652463382158,6.790945406125166,-4.406666988302684,-2.040242457772167,0.001383673523747491,0.11904935261501746,-0.03381407681812436,15.442629773690744,13.851723576330054,1.837549933422104,0.6790945406125166,0.030852994555353903,0.08961500980291819,0.09052893775606966,0.3195739014647137,0.02095584655126498,0.09586046461591162,0.0,0.8693284936479129,0.050816696914700546,-0.006245454812993434,71.0,24.0,54.0,25.0,51.0,7.0,7.0,80.0,75.0,81.0,31.0,25.0,22.0,19.0,66.0,93.0,17.0,51.0,27.0,22.0,88.0,71.0,36.0,29.0,31.0
Leandro Daniel Paredes,16308.0,316,-0.07378038215446632,-3.007568859116478,3,-1.5542860151870717,4.274674664487378,-0.29631835303669185,27,-0.8022510487953377,0.16377604425476627,3.0,0.233795938,0.9113924050632911,0.0379746835443038,1.217100843177729,0,0.2820193123749277,-0.03170155284534965,14.859270924726903,11.518356490610753,55,66,Paris Saint-Germain,-2.407734597639684,27.0,Center Defensive Midfield,MID,683,14,-0.009722158702638315,-0.3172710304356831,-0.39631214834624157,3.5578330893118597,0.3953147877013177,41.6398243045388,3.5578330893118597,-1.5542860151870717,0.812138515343445,-0.0002334822220078048,0.2820193123749277,-0.03170155284534965,14.859270924726903,11.518356490610753,7.247437774524158,8.69692532942899,0.2088607594936709,-0.10571390101256281,0.021581030721711515,0.3953147877013177,0.030807663865300147,0.16037932047729958,0.0,0.9113924050632911,0.0379746835443038,-0.26609322148986236,22.0,22.0,49.0,95.0,27.0,90.0,90.0,36.0,3.0,46.0,37.0,32.0,56.0,19.0,88.0,10.0,22.0,27.0,53.0,34.0,58.0,49.0,61.0,68.0,53.0
Idrissa Gana Gueye,3436.0,511,-0.0875860683840289,-7.854742419099932,5,-1.6495998525635132,4.313550464300472,-0.15703295738971004,91,1.2567050997477596,1.1362634393768551,10.0,0.952773828,0.8610567514677103,0.06262230919765166,2.487155615870318,1,0.3557873984551073,-0.021115393988107235,14.982736665459877,10.127231823399061,133,151,Paris Saint-Germain,-5.601377230834171,91.0,Left Center Midfield,MID,1411,20,-0.005586637955040823,-0.3572813258505141,-0.5010112102898611,5.804394046775337,0.3189227498228207,32.59390503189227,5.804394046775337,-1.6495998525635132,0.7168246779670036,-0.00017140130799222876,0.3557873984551073,-0.021115393988107235,14.982736665459877,10.127231823399061,8.48334514528703,9.631467044649185,0.29549902152641877,0.08015836922558353,0.07247605212184051,0.6378454996456414,0.060772249836995036,0.1586421016501266,0.06378454996456415,0.8610567514677103,0.06262230919765166,-0.07848373242454307,37.0,20.0,44.0,68.0,41.0,78.0,78.0,46.0,71.0,73.0,56.0,53.0,54.0,49.0,56.0,68.0,12.0,41.0,69.0,69.0,63.0,41.0,75.0,73.0,68.0
Sergi Roberto Carnicer,6379.0,443,0.29872965557867814,-4.350120273072983,12,-3.7061766585355813,5.493743887074015,0.7926958169684505,152,1.7334973731026406,2.231357905285764,6.0,0.808601446,0.8871331828442438,0.040632054176072234,1.4274944686702182,1,0.14569277957654062,-0.040748445145495464,14.908425821371587,13.323839572401413,35,24,Barcelona,-4.0358363255413625,153.0,Right Back,DEF,1007,15,0.026698777559166862,-0.3607003667316014,-0.388789299480207,13.674280039721946,1.0724925521350546,39.592850049652434,13.584905660377357,-3.7061766585355813,-1.3397521280050646,0.0006743333083040139,0.14569277957654062,-0.040748445145495464,14.908425821371587,13.323839572401413,3.1281032770605757,2.144985104270109,0.05417607223476298,0.154930251816522,0.19942622788055492,0.5362462760675273,0.0722682523733863,0.127581432155233,0.08937437934458788,0.8871331828442438,0.040632054176072234,0.02734881966128902,69.0,19.0,80.0,90.0,85.0,14.0,14.0,69.0,92.0,95.0,47.0,58.0,44.0,54.0,76.0,97.0,24.0,85.0,41.0,7.0,59.0,61.0,44.0,44.0,39.0
Odilon Kossonou,27133.0,563,-0.1003466412942967,-4.078127693832995,2,-2.70910294548497,4.988375409107928,0.17114657713726347,77,0.9298108344289335,0.5518587946557716,5.0,0.479855873,0.8792184724689165,0.037300177619893425,1.739043041027463,0,0.13277761276748254,-0.030751642767457333,14.449133149766098,13.419681662041715,30,13,Bayer Leverkusen,-7.853578537580249,77.0,Right Center Back,DEF,1911,22,-0.00472590147382873,-0.36987026079655805,-0.1920625287519464,3.626373626373627,0.09419152276295134,26.5149136577708,3.626373626373627,-2.70910294548497,-0.3426784149544533,-0.0001782355973255714,0.13277761276748254,-0.030751642767457333,14.449133149766098,13.419681662041715,1.41287284144427,0.6122448979591837,0.023090586145648313,0.04379014918817583,0.025990210109376997,0.23547880690737832,0.022599177692307692,0.0819015560923452,0.0,0.8792184724689165,0.037300177619893425,-0.03811140690416937,39.0,17.0,15.0,41.0,29.0,32.0,32.0,44.0,56.0,51.0,25.0,29.0,15.0,19.0,73.0,88.0,42.0,29.0,36.0,36.0,34.0,63.0,29.0,27.0,27.0
Frenkie de Jong,8118.0,1289,0.09061451573594441,-4.657199724703684,23,-1.5640560664257865,4.841631742803109,-0.036808894279342544,273,0.5171265580573812,0.9800015643517912,16.0,2.297727268,0.8626842513576416,0.07370054305663305,7.7948970457874,6,0.28387156578194733,-0.023689026601839448,14.918922547021143,11.522623754351953,245,306,Barcelona,-12.840949984900336,274.0,Right Center Midfield,MID,3038,34,0.0026844326584051998,-0.3804099732195623,-0.13796839210774575,8.117182356813693,0.6813693219223174,38.186306780776825,8.087557603686635,-1.5640560664257865,0.8023684641047302,7.029830545845182e-05,0.28387156578194733,-0.023689026601839448,14.918922547021143,11.522623754351953,7.258064516129032,9.065174456879525,0.2373933281613654,0.015319746617894767,0.02903230440805175,0.4739960500329164,0.06806960306780777,0.23092190063227977,0.17774851876234365,0.8626842513576416,0.07370054305663305,-0.215602154014385,53.0,15.0,61.0,86.0,64.0,86.0,86.0,53.0,46.0,54.0,46.0,54.0,78.0,78.0,59.0,15.0,47.0,64.0,56.0,59.0,61.0,51.0,63.0,71.0,58.0
Óscar Mingueza García,43728.0,737,-0.16799615880414942,-7.035611422150104,5,-2.906316041119397,5.418445394315383,-0.26120386011820607,88,-1.2216633447554421,-0.4193944643912289,8.0,0.951175701,0.9063772048846676,0.033921302578018994,2.0798042609277894,0,0.08907964823391626,-0.023066158631850818,15.382528456510133,15.426492201440485,20,9,Barcelona,-8.1762794541331,88.0,Right Center Back,DEF,1748,24,-0.008649687810282292,-0.4209754867688667,-0.36224543935555453,4.530892448512586,0.2574370709382151,37.94622425629291,4.530892448512586,-2.906316041119397,-0.5398915105888804,-0.0002279459413896193,0.08907964823391626,-0.023066158631850818,15.382528456510133,15.426492201440485,1.0297482837528604,0.4633867276887872,0.012211668928086838,-0.06290028662928478,-0.021593536496115905,0.41189931350114417,0.0489735772826087,0.10708374341161386,0.0,0.9063772048846676,0.033921302578018994,-0.16998403004089863,27.0,14.0,37.0,85.0,31.0,27.0,27.0,37.0,10.0,17.0,41.0,42.0,29.0,19.0,85.0,25.0,27.0,31.0,19.0,63.0,81.0,81.0,24.0,24.0,20.0
Pedro González López,30486.0,924,0.34088278648258735,-18.27416401638749,27,-1.691952747265864,4.767661293851333,0.3381767132671919,391,3.030986083262671,0.3297884173948962,28.0,4.613348139,0.8344155844155844,0.11147186147186147,8.404304290912814,3,0.42199647607431945,-0.021647572377644527,14.356525791023538,8.701095122207121,360,405,Barcelona,-11.520970670921717,396.0,Left Center Midfield,MID,2308,35,0.013292656318645088,-0.4492579551052662,-0.7125973836546249,15.441941074523397,1.0528596187175043,36.031195840554595,15.246967071057194,-1.691952747265864,0.6744717832646527,0.00036892076459154477,0.42199647607431945,-0.021647572377644527,14.356525791023538,8.701095122207121,14.038128249566723,15.792894280762564,0.4383116883116883,0.11819269822081473,0.01286003360725332,1.0918544194107451,0.17989659120883883,0.32772417078949445,0.11698440207972272,0.8344155844155844,0.11147186147186147,-0.2095314725686797,61.0,12.0,78.0,78.0,92.0,71.0,71.0,59.0,80.0,42.0,75.0,81.0,97.0,64.0,37.0,19.0,7.0,93.0,90.0,64.0,29.0,17.0,93.0,97.0,90.0
Josip Stanišić,49337.0,406,-0.13172739256864893,-6.213814356980615,3,-2.759977094134649,5.410172547879393,-0.15916430637040022,69,-0.23643489456318914,0.3424186471190227,0.0,0.0,0.916256157635468,0.03201970443349754,1.0009589927091058,1,0.12628153364920855,-0.030372236428157753,14.482018555196538,13.83854958943947,13,7,Bayer Leverkusen,-7.133939593347027,69.0,Right Center Back,DEF,1362,20,-0.008704453253434951,-0.47140570000090487,-0.4106044729282345,4.559471365638767,0.19823788546255508,26.82819383259912,4.559471365638767,-2.759977094134649,-0.3935525636041324,-0.0003244517058341107,0.12628153364920855,-0.030372236428157753,14.482018555196538,13.83854958943947,0.8590308370044053,0.46255506607929514,0.017241379310344827,-0.015623451182589591,0.022626782849274628,0.0,0.0,0.06614266471646074,0.06607929515418502,0.916256157635468,0.03201970443349754,-0.08176611589905033,25.0,10.0,31.0,46.0,32.0,29.0,29.0,27.0,24.0,47.0,6.0,6.0,12.0,51.0,92.0,66.0,19.0,32.0,32.0,37.0,36.0,69.0,20.0,22.0,24.0
Marco Verratti,3166.0,1632,-0.13045007664326697,-29.530716289318935,11,-1.6068629088828046,4.058532179156985,-0.026241481717351644,292,-0.4686258573565107,0.20906595147417786,26.0,1.74302041,0.8357843137254902,0.0784313725490196,10.228853885772715,6,0.3472800189713034,-0.019385650002151988,15.099546337914925,9.804543986871078,435,438,Paris Saint-Germain,-18.209128324928596,295.0,Center Defensive Midfield,MID,3459,43,-0.0033941910661734686,-0.4737847786191309,-0.7683620890542654,7.675628794449263,0.2862098872506505,42.46313963573287,7.597571552471813,-1.6068629088828046,0.7595616216477121,-7.993264500200182e-05,0.3472800189713034,-0.019385650002151988,15.099546337914925,9.804543986871078,11.318300086730268,11.39635732870772,0.26838235294117646,-0.012193213981522394,0.005439703854488583,0.6764960971379012,0.04535178863833478,0.2661453743045806,0.15611448395490027,0.8357843137254902,0.0784313725490196,-0.278338588286103,44.0,8.0,41.0,97.0,59.0,80.0,80.0,47.0,29.0,39.0,58.0,39.0,88.0,73.0,39.0,8.0,5.0,59.0,66.0,73.0,66.0,32.0,83.0,83.0,61.0
Jordi Alba Ramos,5211.0,1369,1.4146507666019756,-20.72039145169175,35,-3.4522138588018767,5.617629503317215,1.310093480517949,615,4.11044040421116,8.616146956984336,28.0,6.156246522,0.8517165814463111,0.07962016070124178,8.62910341106307,2,0.13876357448759274,-0.03262528651820976,14.805536244003537,13.282966811487347,100,47,Barcelona,-18.44171865790659,617.0,Left Back,DEF,3015,33,0.04222838109259629,-0.5504990644151221,-0.618519147811694,18.417910447761194,1.044776119402985,40.865671641791046,18.35820895522388,-3.4522138588018767,-1.08578932827136,0.0010333460676420568,0.13876357448759274,-0.03262528651820976,14.805536244003537,13.282966811487347,2.985074626865672,1.4029850746268657,0.03433162892622352,0.12269971355854209,0.2571984166263981,0.835820895522388,0.1837685528955224,0.2575851764496439,0.05970149253731343,0.8517165814463111,0.07962016070124178,-0.13488546289110181,85.0,7.0,76.0,93.0,98.0,15.0,15.0,71.0,81.0,98.0,64.0,83.0,86.0,46.0,49.0,36.0,8.0,98.0,37.0,29.0,53.0,59.0,42.0,39.0,34.0
Granit Xhaka,3500.0,1319,-0.42250214203117176,-17.498128609874723,6,-1.5586624095102,4.027870366705686,-0.3271714286550482,249,-0.46229220031502805,3.5303002977200553,28.0,1.754809469,0.866565579984837,0.06974981046247157,7.327318859519256,3,0.3994316721697377,-0.014948409523813995,14.01212551501462,9.20491724416712,461,501,Bayer Leverkusen,-18.293526592086078,251.0,Right Defensive Midfield,MID,2959,33,-0.012850690362556762,-0.5564100687015029,-0.5322174974277544,7.63433592429875,0.18249408583981075,40.11828320378506,7.573504562352146,-1.5586624095102,0.8077621210203167,-0.0003203200470289399,0.3994316721697377,-0.014948409523813995,14.01212551501462,9.20491724416712,14.021628928692126,15.238256167624197,0.379833206974981,-0.014060932081227618,0.10737648759540552,0.8516390672524501,0.05337372497803312,0.22286539282079523,0.09124704291990537,0.866565579984837,0.06974981046247157,-0.23692632490202284,12.0,5.0,29.0,92.0,58.0,88.0,88.0,29.0,27.0,86.0,66.0,46.0,73.0,56.0,61.0,14.0,10.0,58.0,81.0,90.0,8.0,25.0,92.0,95.0,80.0
Sergio Busquets i Burgos,5203.0,1255,-0.24319387597989678,-26.1482831282325,6,-1.8619541297852167,4.218706206494313,-0.08726267634087242,241,3.2603500545292836,3.2548781211575513,10.0,0.851639939,0.852589641434263,0.07171314741035857,7.106868254274283,3,0.38628196594063247,-0.03657174945411826,14.850551464563361,10.08241533294253,349,462,Barcelona,-23.71242848079273,242.0,Center Defensive Midfield,MID,2389,33,-0.009161761757300423,-0.8933104073969634,-0.985075546898671,9.11678526580159,0.22603599832565927,47.279196316450395,9.079112599413982,-1.8619541297852167,0.5044704007453,-0.0001937799808604755,0.38628196594063247,-0.03657174945411826,14.850551464563361,10.08241533294253,13.147760569275848,17.404771871075763,0.36812749003984063,0.12282607991110737,0.12261993759069889,0.37672666387609877,0.03208354730431143,0.2677346768039705,0.11301799916282963,0.852589641434263,0.07171314741035857,-0.14490859689286312,24.0,3.0,36.0,98.0,73.0,59.0,59.0,42.0,83.0,90.0,36.0,36.0,90.0,63.0,51.0,34.0,3.0,73.0,75.0,15.0,56.0,37.0,88.0,98.0,73.0
Miralem Pjanić,6947.0,343,-0.15708030601047537,-8.62824177525639,2,-1.5973280085398602,4.295488672313085,-0.6369396975722771,66,1.3976650069808338,1.7963129649840368,7.0,0.400318286,0.8454810495626822,0.09037900874635568,2.5411664696585636,2,0.3941298752080843,-0.027317910033188154,14.679941117623837,9.431916164845669,113,128,Barcelona,-6.046250875169243,66.0,Right Defensive Midfield,MID,601,17,-0.023522841166294148,-0.9054285836359932,-1.2920827949635192,9.883527454242929,0.2995008319467554,51.364392678868555,9.883527454242929,-1.5973280085398602,0.7690965219906565,-0.0004579600758322897,0.3941298752080843,-0.027317910033188154,14.679941117623837,9.431916164845669,16.92179700499168,19.168053244592347,0.37317784256559766,0.2093009161868137,0.268998613724731,1.0482529118136439,0.059947829850249594,0.3805407358889696,0.2995008319467554,0.8454810495626822,0.09037900874635568,-0.17123981970215588,7.0,2.0,42.0,100.0,76.0,83.0,83.0,12.0,97.0,100.0,73.0,51.0,100.0,93.0,46.0,24.0,2.0,76.0,76.0,42.0,46.0,27.0,100.0,100.0,78.0
